case,mesh,pitch_deg,J,n_rps,status,cells,iters,converged,T_N,Q_Nm,KT,KQ10,eta0,KT_drift_pct,t_mesh_s,t_solve_s,np,yplus_mean,yplus_max
A_M1_p0_J0.80,M1,0,0.8021,10.0,ok,146632,231,yes,190.714,11.3830,0.48872,1.16680,0.53471,0.359,9,7,16,49.248744,312.71884
A_M2_p0_J0.80,M2,0,0.8021,10.0,ok,589318,800,no,195.040,12.2221,0.49981,1.25281,0.50929,0.018,26,84,16,31.525892,206.58358
A_M3_p0_J0.80,M3,0,0.8021,10.0,ok,1161568,1000,no,192.340,11.9663,0.49289,1.22658,0.51298,0.061,43,217,16,21.846847,147.3355
C_p0_J0.6,M3,0,0.6,10.0,ok,1161568,356,yes,233.791,14.1897,0.59911,1.45449,0.39334,1.155,0,77,16,21.589392,162.15168
C_p0_J1.0,M3,0,1.0,10.0,ok,1161568,1000,no,146.358,9.5488,0.37506,0.97878,0.60986,0.099,0,223,16,22.31091,144.5167
C_p0_J0.4,M3,0,0.4,10.0,ok,1161568,1000,no,269.115,16.1467,0.68963,1.65510,0.26526,0.159,0,223,16,21.634501,174.24982
C_p0_J1.2,M3,0,1.2,10.0,ok,1161568,1000,no,99.494,7.1141,0.25496,0.72922,0.66775,0.068,0,223,16,22.988348,141.88753
C_p4_J0.8021,M3,4,0.8021,10.0,ok,1153893,321,yes,231.601,16.0620,0.59350,1.64641,0.46018,1.243,58,69,16,22.284524,168.18568
C_p4_J0.6,M3,4,0.6,10.0,ok,1153893,1000,no,269.191,18.5762,0.68983,1.90413,0.34595,0.068,0,217,16,22.112736,186.78664
C_p4_J1.0,M3,4,1.0,10.0,ok,1153893,320,yes,190.717,13.5347,0.48873,1.38735,0.56066,0.203,0,71,16,22.832617,153.91504
C_p4_J0.4,M3,4,0.4,10.0,ok,1153893,1000,no,303.234,21.0121,0.77706,2.15382,0.22968,0.276,0,219,16,22.257577,190.83053
C_p4_J1.2,M3,4,1.2,10.0,ok,1153893,1000,no,144.489,10.7602,0.37027,1.10296,0.64114,0.209,0,218,16,23.543167,135.90705
C_p-4_J0.8021,M3,-4,0.8021,10.0,ok,1167560,1000,no,149.380,8.5000,0.38280,0.87128,0.56087,0.113,47,225,16,20.883933,127.94613
C_p-4_J0.6,M3,-4,0.6,10.0,ok,1167560,1000,no,194.322,10.5398,0.49797,1.08036,0.44015,0.048,0,229,16,20.752927,153.9594
C_p-4_J1.0,M3,-4,1.0,10.0,ok,1167560,1000,no,103.744,6.4426,0.26585,0.66039,0.64071,0.182,0,225,16,21.592681,125.50529
C_p-4_J0.4,M3,-4,0.4,10.0,ok,1167560,1000,no,232.911,12.2444,0.59685,1.25509,0.30274,0.250,0,229,16,20.787053,182.52836
C_p-4_J1.2,M3,-4,1.2,10.0,ok,1167560,1000,no,54.638,4.2474,0.14002,0.43538,0.61420,1.327,0,233,16,22.874337,131.7073
