run_id,status,source,split,J,pitch_deg,n_rps,U_inlet,omega,KT,KQ10,eta0,pitch_meas_deg,pitch07_deg,priority
R001,done,C_p-4_J0.4,train,0.4,-4.0,10.0,-1.0,62.831853,,,,-3.722,32.889,
R002,done,C_p0_J0.4,train,0.4,0.0,10.0,-1.0,62.831853,,,,0.000,36.611,
R003,done,C_p4_J0.4,train,0.4,4.0,10.0,-1.0,62.831853,,,,3.832,40.443,
R004,done,C_p-4_J0.6,train,0.6,-4.0,10.0,-1.5,62.831853,,,,-3.722,32.889,
R005,done,C_p0_J0.6,train,0.6,0.0,10.0,-1.5,62.831853,,,,0.000,36.611,
R006,done,C_p4_J0.6,train,0.6,4.0,10.0,-1.5,62.831853,,,,3.832,40.443,
R007,done,C_p-4_J0.8021,train,0.8021,-4.0,10.0,-2.00525,62.831853,,,,-3.722,32.889,
R008,done,A_M3_p0_J0.80,train,0.8021,0.0,10.0,-2.00525,62.831853,,,,0.000,36.611,
R009,done,C_p4_J0.8021,train,0.8021,4.0,10.0,-2.00525,62.831853,,,,3.832,40.443,
R010,done,C_p-4_J1.0,train,1.0,-4.0,10.0,-2.5,62.831853,,,,-3.722,32.889,
R011,done,C_p0_J1.0,train,1.0,0.0,10.0,-2.5,62.831853,,,,0.000,36.611,
R012,done,C_p4_J1.0,train,1.0,4.0,10.0,-2.5,62.831853,,,,3.832,40.443,
R013,done,C_p-4_J1.2,train,1.2,-4.0,10.0,-3.0,62.831853,,,,-3.722,32.889,
R014,done,C_p0_J1.2,train,1.2,0.0,10.0,-3.0,62.831853,,,,0.000,36.611,
R015,done,C_p4_J1.2,train,1.2,4.0,10.0,-3.0,62.831853,,,,3.832,40.443,
R016,todo,,test,0.6907,-4.47,10.01,-1.728477,62.894685,,,,-4.110,32.501,100
R017,todo,,test,0.4762,3.66,10.07,-1.198834,63.271676,,,,3.524,40.136,107
R018,todo,,train,0.8239,1.62,10.13,-2.086527,63.648667,,,,1.596,38.207,63
R019,todo,,test,1.2002,-2.49,10.14,-3.042507,63.711499,,,,-2.277,34.334,68
R020,todo,,train,1.0478,-0.64,10.18,-2.666651,63.962826,,,,-0.581,36.030,109
R021,todo,,train,0.9474,2.41,10.25,-2.427712,64.402649,,,,2.368,38.979,58
R022,todo,,train,0.4668,-3.48,10.28,-1.199676,64.591145,,,,-3.223,33.388,102
R023,todo,,train,0.6178,1.45,10.35,-1.598558,65.030968,,,,1.412,38.023,88
R024,todo,,train,1.1343,2.91,10.38,-2.943509,65.219463,,,,2.785,39.396,85
R025,todo,,train,0.3586,-0.73,10.4,-0.93236,65.345127,,,,-0.699,35.912,96
R026,todo,,train,1.0914,0.08,10.48,-2.859468,65.847782,,,,0.075,36.686,79
R027,todo,,train,0.8396,4.9,10.51,-2.206049,66.036278,,,,4.661,41.272,105
R028,todo,,train,0.5353,-2.67,10.54,-1.410515,66.224773,,,,-2.501,34.110,51
R029,todo,,train,0.6353,-1.58,10.61,-1.685133,66.664596,,,,-1.459,35.152,67
R030,todo,,test,1.236,3.32,10.65,-3.29085,66.915924,,,,3.187,39.798,69
R031,todo,,train,0.8778,-4.86,10.7,-2.348115,67.230083,,,,-4.510,32.101,53
R032,todo,,train,0.6743,0.68,10.72,-1.807124,67.355746,,,,0.648,37.259,54
R033,todo,,train,0.8023,4.14,10.78,-2.162198,67.732738,,,,3.963,40.574,66
R034,todo,,train,1.0189,-4.11,10.84,-2.761219,68.109729,,,,-3.825,32.786,59
R035,todo,,train,0.49,-0.94,10.88,-1.3328,68.361056,,,,-0.914,35.697,38
R036,todo,,train,1.0336,-2.4,10.9,-2.81656,68.48672,,,,-2.193,34.419,46
R037,todo,,train,0.4323,1.81,10.94,-1.18234,68.738047,,,,1.755,38.366,33
R038,todo,,train,0.9559,0.44,11.0,-2.628725,69.115038,,,,0.425,37.037,41
R039,todo,,train,0.7555,-3.15,11.04,-2.08518,69.366366,,,,-2.928,33.683,83
R040,todo,,train,0.3834,3.49,11.09,-1.062976,69.680525,,,,3.365,39.976,55
R041,todo,,train,0.8686,-1.75,11.14,-2.419051,69.994684,,,,-1.606,35.005,22
R042,todo,,train,1.2127,1.2,11.15,-3.380401,70.057516,,,,1.184,37.795,31
R043,todo,,train,1.0052,4.38,11.2,-2.81456,70.371675,,,,4.158,40.769,77
R044,todo,,train,0.6517,2.52,11.25,-1.832906,70.685835,,,,2.469,39.080,95
R045,todo,,train,1.1645,-1.18,11.3,-3.289713,70.999994,,,,-1.078,35.533,44
R046,todo,,train,0.6961,-2.17,11.35,-1.975184,71.314153,,,,-1.970,34.642,45
R047,todo,,train,0.5261,1.18,11.37,-1.495439,71.439817,,,,1.165,37.776,70
R048,todo,,train,0.5911,-4.03,11.43,-1.689068,71.816808,,,,-3.750,32.861,34
R049,todo,,train,1.1511,-2.05,11.48,-3.303657,72.130967,,,,-1.902,34.709,106
R050,todo,,train,0.8947,4.64,11.53,-2.578973,72.445127,,,,4.421,41.032,43
R051,todo,,train,0.4263,-4.44,11.59,-1.235204,72.822118,,,,-4.082,32.529,75
R052,todo,,train,0.5714,2.82,11.61,-1.658488,72.947781,,,,2.702,39.313,17
R053,todo,,train,1.1167,-3.33,11.67,-3.257972,73.324773,,,,-3.083,33.529,30
R054,todo,,train,0.7895,0.78,11.72,-2.313235,73.638932,,,,0.749,37.361,94
R055,todo,,train,0.4497,3.0,11.75,-1.320994,73.827427,,,,2.840,39.451,80
R056,todo,,train,0.9442,-1.43,11.8,-2.78539,74.141587,,,,-1.291,35.320,64
R057,todo,,train,0.7286,-0.17,11.83,-2.154834,74.330082,,,,-0.168,36.444,37
R058,todo,,train,0.9768,-2.96,11.9,-2.90598,74.769905,,,,-2.802,33.809,62
R059,todo,,train,1.0785,2.15,11.93,-3.216626,74.958401,,,,2.079,38.690,18
R060,todo,,train,0.7768,-3.3,11.97,-2.324574,75.209728,,,,-3.055,33.557,103
R061,todo,,train,1.0613,4.67,11.99,-3.181247,75.335392,,,,4.449,41.060,27
R062,todo,,train,0.8439,1.89,12.05,-2.542249,75.712383,,,,1.830,38.441,25
R063,todo,,train,0.6266,4.02,12.11,-1.897032,76.089374,,,,3.850,40.462,61
R064,todo,,train,0.5016,0.61,12.15,-1.52361,76.340701,,,,0.603,37.214,73
R065,todo,,test,0.378,-4.93,12.21,-1.153845,76.717693,,,,-4.613,31.998,12
R066,todo,,train,1.2262,-1.02,12.25,-3.755238,76.96902,,,,-0.989,35.622,8
R067,todo,,test,0.7655,4.77,12.27,-2.348171,77.094684,,,,4.542,41.154,7
R068,todo,,train,0.7178,-3.76,12.31,-2.20903,77.346011,,,,-3.538,33.073,15
R069,todo,,train,1.1077,2.18,12.35,-3.420024,77.597339,,,,2.107,38.718,111
R070,todo,,test,0.3942,-0.04,12.42,-1.223991,78.037162,,,,-0.023,36.588,23
R071,todo,,test,0.9001,0.13,12.44,-2.799311,78.162825,,,,0.122,36.733,101
R072,todo,,train,0.5199,-2.85,12.51,-1.625987,78.602648,,,,-2.699,33.912,29
R073,todo,,train,1.1745,3.74,12.55,-3.684994,78.853976,,,,3.600,40.211,84
R074,todo,,train,0.8653,-0.87,12.58,-2.721368,79.042471,,,,-0.844,35.767,5
R075,todo,,train,0.5504,-1.64,12.63,-1.737888,79.35663,,,,-1.515,35.096,86
R076,todo,,train,0.9637,-4.66,12.69,-3.057338,79.733622,,,,-4.344,32.267,87
R077,todo,,train,0.7369,2.73,12.71,-2.3415,79.859285,,,,2.624,39.235,60
R078,todo,,train,1.0672,-4.13,12.76,-3.404368,80.173445,,,,-3.844,32.768,21
R079,todo,,train,0.6081,-0.07,12.8,-1.94592,80.424772,,,,-0.051,36.560,28
R080,todo,,train,1.0379,1.01,12.85,-3.334254,80.738931,,,,1.006,37.617,40
R081,todo,,train,0.4945,4.11,12.9,-1.594762,81.05309,,,,3.935,40.546,99
R082,todo,,train,0.9364,-0.47,12.93,-3.026913,81.241586,,,,-0.422,36.189,98
R083,todo,,train,0.7585,1.31,12.97,-2.459436,81.492913,,,,1.281,37.892,97
R084,todo,,train,1.2489,-3.91,13.03,-4.068292,81.869905,,,,-3.679,32.932,42
R085,todo,,train,0.3528,2.5,13.08,-1.153656,82.184064,,,,2.450,39.061,6
R086,todo,,train,0.3714,0.35,13.11,-1.217264,82.372559,,,,0.328,36.939,74
R087,todo,,train,1.1274,3.9,13.15,-3.706328,82.623887,,,,3.742,40.353,4
R088,todo,,train,0.8578,-2.99,13.2,-2.83074,82.938046,,,,-2.778,33.833,57
R089,todo,,train,0.6612,-2.15,13.26,-2.191878,83.315037,,,,-1.995,34.616,36
R090,todo,,train,0.5581,4.39,13.31,-1.857078,83.629196,,,,4.191,40.802,20
R091,todo,,train,1.2085,-4.34,13.35,-4.033369,83.880524,,,,-3.989,32.623,112
R092,todo,,train,0.7858,1.97,13.41,-2.634395,84.257515,,,,1.896,38.507,16
R093,todo,,train,0.9797,2.7,13.43,-3.289343,84.383179,,,,2.596,39.207,52
R094,todo,,train,0.6033,-1.26,13.49,-2.034629,84.76017,,,,-1.141,35.471,92
R095,todo,,train,0.4106,-2.33,13.53,-1.388854,85.011497,,,,-2.127,34.484,56
R096,todo,,train,1.0245,1.09,13.58,-3.478177,85.325656,,,,1.081,37.692,71
R097,todo,,train,1.1568,-0.32,13.6,-3.93312,85.45132,,,,-0.259,36.353,93
R098,todo,,train,0.5834,-4.23,13.67,-1.99377,85.891143,,,,-3.937,32.674,91
R099,todo,,train,0.9234,3.09,13.69,-3.160336,86.016807,,,,2.972,39.583,110
R100,todo,,train,0.7048,-1.55,13.73,-2.419226,86.268134,,,,-1.431,35.180,90
R101,todo,,train,0.4834,-3.82,13.79,-1.666522,86.645125,,,,-3.595,33.017,3
R102,todo,,train,0.831,-2.74,13.81,-2.869028,86.770789,,,,-2.575,34.036,113
R103,todo,,train,1.0528,3.29,13.88,-3.653216,87.210612,,,,3.159,39.770,82
R104,todo,,test,0.4216,4.48,13.91,-1.466114,87.399108,,,,4.276,40.887,48
R105,todo,,train,1.1932,0.55,13.95,-4.161285,87.650435,,,,0.547,37.158,9
R106,todo,,train,0.8137,-3.51,14.01,-2.849984,88.027426,,,,-3.251,33.360,10
R107,todo,,train,0.6443,-0.57,14.06,-2.264714,88.341585,,,,-0.516,36.095,13
R108,todo,,train,0.8887,3.51,14.09,-3.130446,88.530081,,,,3.384,39.995,32
R109,todo,,train,0.5116,1.7,14.15,-1.809785,88.907072,,,,1.671,38.282,89
R110,todo,,test,1.1454,-4.6,14.17,-4.05758,89.032736,,,,-4.288,32.323,2
R111,todo,,train,1.0012,-2.55,14.22,-3.559266,89.346895,,,,-2.333,34.278,81
R112,todo,,train,0.6537,4.93,14.25,-2.328806,89.535391,,,,4.689,41.300,39
R113,todo,,train,0.8042,-0.76,14.33,-2.881046,90.038045,,,,-0.727,35.884,50
R114,todo,,train,0.5788,3.81,14.37,-2.079339,90.289373,,,,3.618,40.229,78
R115,todo,,train,1.1009,-1.83,14.4,-3.96324,90.477868,,,,-1.680,34.931,24
R116,todo,,train,0.4598,0.84,14.47,-1.663326,90.917691,,,,0.806,37.417,26
R117,todo,,train,0.9899,2.06,14.47,-3.580963,90.917691,,,,1.995,38.606,47
R118,todo,,train,0.4408,-3.13,14.53,-1.601206,91.294683,,,,-2.909,33.702,76
R119,todo,,train,1.1838,1.53,14.57,-4.311991,91.54601,,,,1.487,38.098,65
R120,todo,,train,0.7474,-4.78,14.61,-2.729878,91.797337,,,,-4.449,32.162,49
R121,todo,,train,0.5426,-0.24,14.65,-1.987272,92.048665,,,,-0.233,36.378,72
R122,todo,,train,0.7142,3.19,14.72,-2.628256,92.488488,,,,3.065,39.676,104
R123,todo,,train,1.086,-1.32,14.77,-4.010055,92.802647,,,,-1.197,35.414,108
R124,todo,,test,0.9312,0.29,14.8,-3.44544,92.991143,,,,0.271,36.883,14
R125,todo,,test,1.2209,4.26,14.87,-4.538696,93.430966,,,,4.076,40.687,11
R126,todo,,test,0.4037,-1.98,14.9,-1.503782,93.619461,,,,-1.836,34.775,19
R127,todo,,train,0.6834,2.31,14.95,-2.554208,93.93362,,,,2.274,38.885,1
R128,todo,,train,0.9108,-3.62,15.0,-3.4155,94.24778,,,,-3.402,33.209,35
