case,iters,KT,KQ10,dKT,ppKT,trKT,dKQ,ppKQ,trKQ,res_U,res_p,res_k,res_w,verdict,worst
A_M1_p0_J0.80,230,0.48953,1.1666,1.6643,50.791,2.6779,-8.6794,49.175,-9.6201,1.4373e-05,9.9946e-05,2.3211e-05,1.6706e-06,not converged,50.791
A_M2_p0_J0.80,800,0.4998,1.2528,-0.0011241,0.019089,0.00042322,-3.9479e-05,0.0079653,0.00052719,3.827e-05,0.0003792,1.2298e-05,1.726e-06,converged,0.019089
A_M3_p0_J0.80,1000,0.49286,1.2265,0.018872,0.10394,0.009197,0.021145,0.083556,0.01084,7.7238e-05,0.00061343,2.2041e-05,2.6689e-06,converged,0.10394
C_p-4_J0.4,1000,0.59677,1.2552,-0.0015124,0.32789,-0.018504,0.0052113,0.32482,-0.016407,0.00021838,0.00093199,0.00011751,1.6109e-05,nearly,0.32789
C_p-4_J0.6,1000,0.49787,1.0801,-0.001575,0.048253,-0.0029401,-8.2657e-05,0.044462,-0.0010801,0.00011105,0.00083343,4.1137e-05,3.4762e-06,converged,0.048253
C_p-4_J0.8021,1000,0.38298,0.87154,-0.001739,0.1149,-0.0021512,0.0020154,0.071725,0.0012191,0.00016797,0.0010811,3.511e-05,3.4739e-06,converged,0.1149
C_p-4_J1.0,1000,0.26601,0.6607,0.032508,0.25949,-0.023544,0.025916,0.20547,-0.016658,0.00017166,0.00037825,1.1684e-05,2.0269e-06,nearly,0.25949
C_p-4_J1.2,1000,0.13994,0.43533,-0.053987,1.3278,-0.04423,-0.045833,0.98542,-0.036506,7.7144e-05,0.00018558,1.6065e-05,2.6971e-06,not converged,1.3278
C_p0_J0.4,1000,0.68933,1.6547,-0.0088159,0.20296,-0.013833,-0.014897,0.19811,-0.019147,0.00022532,0.00075878,0.00015363,2.3443e-05,converged,0.20296
C_p0_J0.6,355,0.60043,1.4544,-2.0272,3.1715,-1.871,-0.0035443,0.061188,0.00021487,2.3483e-05,9.7601e-05,2.4021e-05,1.8585e-06,not converged,3.1715
C_p0_J1.0,1000,0.375,0.9788,-0.0052213,0.12714,0.016169,-0.001653,0.11303,0.014187,0.00010272,0.00017145,1.6904e-05,3.8376e-06,converged,0.12714
C_p0_J1.2,1000,0.25501,0.72935,0.012481,0.080384,0.0035911,0.0049824,0.038965,0.00045517,5.6421e-05,0.00014867,1.0698e-05,1.6622e-06,converged,0.080384
C_p4_J0.4,1000,0.77784,2.1556,0.0071425,0.34631,0.0043742,0.0041992,0.33675,0.0056221,0.00036898,0.000773,0.000406,3.4558e-05,nearly,0.34631
C_p4_J0.6,1000,0.69008,1.9049,-0.0030928,0.068138,-0.0051986,-0.0035344,0.078165,-0.0046999,6.9772e-05,0.00026835,5.6806e-05,1.1096e-05,converged,0.078165
C_p4_J0.8021,320,0.59493,1.6463,-2.0031,3.0032,-1.8415,-0.041035,0.11768,-0.042185,2.4636e-05,9.9446e-05,1.3746e-05,2.447e-06,not converged,3.0032
C_p4_J1.0,320,0.48897,1.3875,-1.0879,1.7785,-1.0215,-0.03495,0.17459,-0.039003,3.4392e-05,9.99e-05,1.0014e-05,2.2926e-06,not converged,1.7785
C_p4_J1.2,1000,0.37057,1.1036,0.0051238,0.23992,0.040518,0.0068584,0.16902,0.029346,0.00021557,0.00017793,1.8055e-05,3.5717e-06,converged,0.23992
